Time,Duration,Max Elev.,Visibility (s),Revisit (s)
Oct 29 23:14:14 to 23:25:01 CLST,0:10:47,53.7,647,310
Oct 29 23:30:11 to 23:41:11 CLST,0:11:00,63.4,660,907
Oct 29 23:56:18 to Oct 30 00:07:26 CLST,0:11:08,39.8,668,1026
Oct 30 00:24:32 to 00:41:08 CLST,0:16:36,21.2,996,725
Oct 30 00:53:13 to 01:28:24 CLST,0:35:11,82.9,2111,4
Oct 30 01:28:28 to 01:39:19 CLST,0:10:51,44.9,651,370
Oct 30 01:45:29 to 02:13:27 CLST,0:27:58,26.1,1678,8473
Oct 30 04:34:40 to 04:45:05 CLST,0:10:25,32.4,625,232
Oct 30 04:48:57 to 04:59:37 CLST,0:10:40,51.7,640,945
Oct 30 05:15:22 to 05:28:03 CLST,0:12:41,56.8,761,1187
Oct 30 05:47:50 to 05:57:33 CLST,0:09:43,20.7,583,2100
Oct 30 06:32:33 to 06:44:16 CLST,0:11:43,15.6,703,558
Oct 30 06:53:34 to 07:03:36 CLST,0:10:02,26.3,602,19
Oct 30 07:03:55 to 07:14:21 CLST,0:10:26,39.6,626,813
Oct 30 07:27:54 to 07:51:22 CLST,0:23:28,76.3,1408,781
Oct 30 08:04:23 to 08:17:19 CLST,0:12:56,20.1,776,6102
Oct 30 09:59:01 to 10:09:08 CLST,0:10:07,20.6,607,1161
Oct 30 10:28:29 to 10:39:30 CLST,0:11:01,36.5,661,2036
Oct 30 11:13:26 to 11:24:05 CLST,0:10:39,35.4,639,476
Oct 30 11:32:01 to 11:41:51 CLST,0:09:50,16.4,590,228
Oct 30 11:45:39 to 11:55:25 CLST,0:09:46,18.0,586,65
Oct 30 11:56:30 to 12:06:49 CLST,0:10:19,25.9,619,382
Oct 30 12:13:11 to 12:41:41 CLST,0:28:30,82.7,1710,695
Oct 30 12:53:16 to 13:28:09 CLST,0:34:53,41.0,2093,7950
Oct 30 15:40:39 to 15:51:09 CLST,0:10:30,19.6,630,1178
Oct 30 16:10:47 to 16:21:10 CLST,0:10:23,46.1,623,627
Oct 30 16:31:37 to 16:42:16 CLST,0:10:39,58.4,639,222
Oct 30 16:45:58 to 16:56:24 CLST,0:10:26,36.5,626,1003
Oct 30 17:13:07 to 17:23:13 CLST,0:10:06,16.1,606,7405
Oct 30 19:26:38 to 19:39:06 CLST,0:12:28,23.6,748,479
Oct 30 19:47:05 to 19:57:24 CLST,0:10:19,41.7,619,60
Oct 30 19:58:24 to 20:08:56 CLST,0:10:32,70.5,632,519
Oct 30 20:17:35 to 20:45:37 CLST,0:28:02,70.1,1682,6803
Oct 30 22:39:00 to 22:48:34 CLST,0:09:34,15.9,574,595
Oct 30 22:58:29 to 23:09:18 CLST,0:10:49,38.8,649,1413
Oct 30 23:32:51 to 23:44:16 CLST,0:11:25,81.6,685,1632
Oct 31 00:11:28 to 00:21:18 CLST,0:09:50,19.6,590,322
Oct 31 00:26:40 to 00:54:37 CLST,0:27:57,32.7,1677,40
Oct 31 00:55:17 to 01:06:13 CLST,0:10:56,51.2,656,366
Oct 31 01:12:19 to 01:40:26 CLST,0:28:07,85.1,1687,703
Oct 31 01:52:09 to 02:16:25 CLST,0:24:16,22.3,1456,8326
Oct 31 04:35:11 to 04:46:01 CLST,0:10:50,31.2,650,1095
Oct 31 05:04:16 to 05:14:51 CLST,0:10:35,77.3,635,745
Oct 31 05:27:16 to 05:37:39 CLST,0:10:23,33.6,623,228
Oct 31 05:41:27 to 05:51:25 CLST,0:09:58,22.8,598,3548
Oct 31 06:50:33 to 07:09:50 CLST,0:19:17,35.2,1157,756
Oct 31 07:22:26 to 07:35:49 CLST,0:13:23,87.5,803,391
Oct 31 07:42:20 to 07:52:49 CLST,0:10:29,46.6,629,110
Oct 31 07:54:39 to 08:04:54 CLST,0:10:15,29.1,615,272
Oct 31 08:09:26 to 08:18:58 CLST,0:09:32,21.1,572,6403
Oct 31 10:05:41 to 10:15:47 CLST,0:10:06,18.2,606,1306
Oct 31 10:37:33 to 10:48:23 CLST,0:10:50,58.5,650,667
Oct 31 10:59:30 to 11:10:27 CLST,0:10:57,46.1,657,1706
Oct 31 11:38:53 to 11:51:10 CLST,0:12:17,20.0,737,36
Oct 31 11:51:46 to 12:07:34 CLST,0:15:48,25.3,948,695
Oct 31 12:19:09 to 12:54:53 CLST,0:35:44,74.3,2144,55
Oct 31 12:55:48 to 13:06:29 CLST,0:10:41,35.6,641,354
Oct 31 13:12:23 to 13:24:04 CLST,0:11:41,21.9,701,8883
Oct 31 15:52:07 to 16:02:20 CLST,0:10:13,29.7,613,209
Oct 31 16:05:49 to 16:16:19 CLST,0:10:30,45.3,630,854
Oct 31 16:30:33 to 16:43:05 CLST,0:12:32,76.0,752,999
Oct 31 16:59:44 to 17:09:45 CLST,0:10:01,26.1,601,7649
Oct 31 19:17:14 to 19:26:31 CLST,0:09:17,15.5,557,52
Oct 31 19:27:23 to 19:36:25 CLST,0:09:02,15.9,542,508
Oct 31 19:44:53 to 20:04:23 CLST,0:19:30,61.0,1170,763
Oct 31 20:17:06 to 20:30:22 CLST,0:13:16,58.6,796,348
Oct 31 20:36:10 to 20:46:08 CLST,0:09:58,28.0,598,191
Oct 31 20:49:19 to 20:58:48 CLST,0:09:29,18.3,569,11
Oct 31 20:58:59 to 21:07:55 CLST,0:08:56,15.7,536,7296
Oct 31 23:09:31 to 23:20:42 CLST,0:11:11,38.6,671,874
Oct 31 23:35:16 to 23:46:04 CLST,0:10:48,67.6,648,814
Oct 31 23:59:38 to Nov 1 00:09:54 CLST,0:10:16,23.4,616,753
Nov 1 00:22:27 to 00:32:16 CLST,0:09:49,16.9,589,329
Nov 1 00:37:45 to 01:06:32 CLST,0:28:47,49.0,1727,671
Nov 1 01:17:43 to 01:53:29 CLST,0:35:46,71.1,2146,98
Nov 1 01:55:07 to 02:05:05 CLST,0:09:58,19.6,598,8173
Nov 1 04:21:18 to 04:30:42 CLST,0:09:24,16.3,564,996
Nov 1 04:47:18 to 04:57:58 CLST,0:10:40,51.3,640,180
Nov 1 05:00:58 to 05:11:42 CLST,0:10:44,82.1,644,768
Nov 1 05:24:30 to 05:38:19 CLST,0:13:49,44.2,829,899
Nov 1 05:53:18 to 06:02:46 CLST,0:09:28,17.8,568,2280
Nov 1 06:40:46 to 06:54:27 CLST,0:13:41,21.3,821,292
Nov 1 06:59:19 to 07:09:29 CLST,0:10:10,31.4,610,194
Nov 1 07:12:43 to 07:28:24 CLST,0:15:41,54.5,941,751
Nov 1 07:40:55 to 08:00:21 CLST,0:19:26,45.5,1166,742
Nov 1 08:12:43 to 08:23:11 CLST,0:10:28,17.2,628,5952
Nov 1 10:02:23 to 10:12:06 CLST,0:09:43,17.7,583,928
Nov 1 10:27:34 to 10:38:32 CLST,0:10:58,52.7,658,2185
Nov 1 11:14:57 to 11:26:06 CLST,0:11:09,42.1,669,525
Nov 1 11:34:51 to 11:44:42 CLST,0:09:51,18.1,591,58
Nov 1 11:45:40 to 12:21:01 CLST,0:35:21,39.4,2121,79
Nov 1 12:22:20 to 12:33:14 CLST,0:10:54,64.8,654,230
Nov 1 12:37:04 to 13:06:25 CLST,0:29:21,77.2,1761,707
Nov 1 13:18:12 to 13:34:34 CLST,0:16:22,18.5,982,8024
Nov 1 15:48:18 to 16:02:50 CLST,0:14:32,28.2,872,787
Nov 1 16:15:57 to 16:26:23 CLST,0:10:26,56.0,626,1076
Nov 1 16:44:19 to 16:54:45 CLST,0:10:26,36.8,626,198
Nov 1 16:58:03 to 17:08:07 CLST,0:10:04,24.7,604,8731
Nov 1 19:33:38 to 19:49:28 CLST,0:15:50,33.7,950,194
Nov 1 19:52:42 to 20:03:04 CLST,0:10:22,51.1,622,242
Nov 1 20:07:06 to 20:17:42 CLST,0:10:36,83.3,636,1074
Nov 1 20:35:36 to 20:54:16 CLST,0:18:40,26.8,1120,6726
Nov 1 22:46:22 to 22:56:41 CLST,0:10:19,18.6,619,167
Nov 1 22:59:28 to 23:09:55 CLST,0:10:27,30.7,627,1047
Nov 1 23:27:22 to 23:38:23 CLST,0:11:01,69.4,661,2481
Nov 2 00:19:44 to 00:31:45 CLST,0:12:01,20.0,721,710
Nov 2 00:43:35 to 01:19:57 CLST,0:36:22,81.4,2182,85
Nov 2 01:21:22 to 01:32:18 CLST,0:10:56,59.1,656,183
Nov 2 01:35:21 to 02:04:38 CLST,0:29:17,37.9,1757,8181
Nov 2 04:20:59 to 04:30:45 CLST,0:09:46,18.8,586,658
Nov 2 04:41:43 to 04:58:18 CLST,0:16:35,47.9,995,657
Nov 2 05:09:15 to 05:19:49 CLST,0:10:34,80.4,634,1200
Nov 2 05:39:49 to 05:49:47 CLST,0:09:58,22.9,598,214
Nov 2 05:53:21 to 06:02:45 CLST,0:09:24,16.2,564,3397
Nov 2 06:59:22 to 07:18:36 CLST,0:19:14,47.9,1154,580
Nov 2 07:28:16 to 07:46:06 CLST,0:17:50,83.5,1070,105
Nov 2 07:47:51 to 07:58:13 CLST,0:10:22,38.4,622,41
Nov 2 07:58:54 to 08:13:18 CLST,0:14:24,30.5,864,6172
Nov 2 09:56:10 to 10:06:07 CLST,0:09:57,18.7,597,2712
Nov 2 10:51:19 to 11:09:06 CLST,0:17:47,79.4,1067,1191
Nov 2 11:28:57 to 11:38:56 CLST,0:09:59,18.0,599,632
Nov 2 11:49:28 to 11:59:27 CLST,0:09:59,20.6,599,178
Nov 2 12:02:25 to 12:32:22 CLST,0:29:57,58.3,1797,653
Nov 2 12:43:15 to 13:01:18 CLST,0:18:03,69.0,1083,55
Nov 2 13:02:13 to 13:19:37 CLST,0:17:24,27.3,1044,168
Nov 2 13:22:25 to 13:32:01 CLST,0:09:36,15.6,576,9130
Nov 2 16:04:11 to 16:14:41 CLST,0:10:30,45.0,630,155
Nov 2 16:17:16 to 16:27:54 CLST,0:10:38,69.8,638,545
Nov 2 16:36:59 to 16:54:59 CLST,0:18:00,59.1,1080,578
Nov 2 17:04:37 to 17:14:27 CLST,0:09:50,22.6,590,7860
Nov 2 19:25:27 to 19:35:08 CLST,0:09:41,20.0,581,1110
Nov 2 19:53:38 to 20:12:55 CLST,0:19:17,85.5,1157,521
Nov 2 20:21:36 to 20:40:40 CLST,0:19:04,49.5,1144,48
Nov 2 20:41:28 to 20:57:33 CLST,0:16:05,24.0,965,7070
Nov 2 22:55:23 to 23:06:07 CLST,0:10:44,34.7,644,2985
Nov 2 23:55:52 to Nov 3 00:07:02 CLST,0:11:10,40.9,670,1306
Nov 3 00:28:48 to 00:45:33 CLST,0:16:45,24.3,1005,142
Nov 3 00:47:55 to 00:58:42 CLST,0:10:47,38.5,647,91
Nov 3 01:00:13 to 01:31:01 CLST,0:30:48,75.7,1848,560
Nov 3 01:40:21 to 01:59:26 CLST,0:19:05,36.9,1145,144
Nov 3 02:01:50 to 02:11:23 CLST,0:09:33,15.4,573,8066
Nov 3 04:25:49 to 04:35:25 CLST,0:09:36,18.5,576,1435
Nov 3 04:59:20 to 05:10:04 CLST,0:10:44,81.7,644,136
Nov 3 05:12:20 to 05:23:00 CLST,0:10:40,65.0,640,467
Nov 3 05:30:47 to 05:49:54 CLST,0:19:07,35.6,1147,483
Nov 3 05:57:57 to 06:07:12 CLST,0:09:15,15.7,555,2263
Nov 3 06:44:55 to 07:17:21 CLST,0:32:26,36.9,1946,212
Nov 3 07:20:53 to 07:31:29 CLST,0:10:36,74.5,636,1090
Nov 3 07:49:39 to 08:08:36 CLST,0:18:57,33.5,1137,509
Nov 3 08:17:05 to 08:26:21 CLST,0:09:16,15.1,556,6960
Nov 3 10:22:21 to 10:38:56 CLST,0:16:35,35.7,995,1036
Nov 3 10:56:12 to 11:07:11 CLST,0:10:59,52.6,659,2221
Nov 3 11:44:12 to 11:57:44 CLST,0:13:32,18.7,812,454
Nov 3 12:05:18 to 12:26:52 CLST,0:21:34,48.3,1294,133
Nov 3 12:29:05 to 12:45:48 CLST,0:16:43,83.1,1003,139
Nov 3 12:48:07 to 12:58:56 CLST,0:10:49,47.4,649,52
Nov 3 12:59:48 to 13:30:22 CLST,0:30:34,33.0,1834,7621
Nov 3 15:37:23 to 15:46:50 CLST,0:09:27,17.0,567,444
Nov 3 15:54:14 to 16:14:36 CLST,0:20:22,41.4,1222,343
Nov 3 16:20:19 to 16:30:47 CLST,0:10:28,65.2,628,1539
Nov 3 16:56:26 to 17:06:31 CLST,0:10:05,24.9,605,180
Nov 3 17:09:31 to 17:19:06 CLST,0:09:35,17.4,575,7297
Nov 3 19:20:43 to 19:30:13 CLST,0:09:30,17.8,570,445
Nov 3 19:37:38 to 20:07:58 CLST,0:30:20,62.2,1820,430
Nov 3 20:15:08 to 20:25:35 CLST,0:10:27,61.0,627,1113
Nov 3 20:44:08 to 21:02:11 CLST,0:18:03,20.8,1083,8249
Nov 3 23:19:40 to 23:30:28 CLST,0:10:48,65.4,648,100
Nov 3 23:32:08 to 23:43:35 CLST,0:11:27,81.6,687,753
Nov 3 23:56:08 to Nov 4 00:06:31 CLST,0:10:23,26.1,623,1137
Nov 4 00:25:28 to 00:56:33 CLST,0:31:05,33.8,1865,231
Nov 4 01:00:24 to 01:25:24 CLST,0:25:00,79.3,1500,185
Nov 4 01:28:29 to 01:44:19 CLST,0:15:50,42.6,950,173
Nov 4 01:47:12 to 01:57:30 CLST,0:10:18,24.9,618,32
Nov 4 01:58:02 to 02:13:37 CLST,0:15:35,18.9,935,7545
Nov 4 04:19:22 to 04:29:08 CLST,0:09:46,18.7,586,162
Nov 4 04:31:50 to 04:42:01 CLST,0:10:11,26.3,611,331
Nov 4 04:47:32 to 04:57:56 CLST,0:10:24,40.6,624,73
Nov 4 04:59:09 to 05:09:51 CLST,0:10:42,72.9,642,215
Nov 4 05:13:26 to 05:23:58 CLST,0:10:32,74.5,632,1666
Nov 4 05:51:44 to 06:01:09 CLST,0:09:25,16.3,565,2295
Nov 4 06:39:24 to 06:48:48 CLST,0:09:24,16.9,564,1123
Nov 4 07:07:31 to 07:26:37 CLST,0:19:06,64.6,1146,331
Nov 4 07:32:08 to 08:02:50 CLST,0:30:42,75.2,1842,516
Nov 4 08:11:26 to 08:20:58 CLST,0:09:32,17.4,572,6236
Nov 4 10:04:54 to 10:14:55 CLST,0:10:01,17.6,601,546
Nov 4 10:24:01 to 10:34:54 CLST,0:10:53,45.9,653,2627
Nov 4 11:18:41 to 11:29:09 CLST,0:10:28,29.8,628,533
Nov 4 11:38:02 to 11:51:50 CLST,0:13:48,20.6,828,281
Nov 4 11:56:31 to 12:11:24 CLST,0:14:53,28.4,893,184
Nov 4 12:14:28 to 12:56:25 CLST,0:41:57,83.5,2517,57
Nov 4 12:57:22 to 13:24:40 CLST,0:27:18,41.8,1638,10260
Nov 4 16:15:40 to 16:26:18 CLST,0:10:38,68.1,638,108
Nov 4 16:28:06 to 16:38:44 CLST,0:10:38,76.9,638,238
Nov 4 16:42:42 to 16:53:08 CLST,0:10:26,47.9,626,174
Nov 4 16:56:02 to 17:06:12 CLST,0:10:10,26.9,610,148
Nov 4 17:08:40 to 17:18:21 CLST,0:09:41,20.2,581,8079
Nov 4 19:33:00 to 19:42:58 CLST,0:09:58,25.3,598,1122
Nov 4 20:01:40 to 20:20:41 CLST,0:19:01,79.9,1141,275
Nov 4 20:25:16 to 20:55:37 CLST,0:30:21,43.5,1821,6489
Nov 4 22:43:46 to 22:53:34 CLST,0:09:48,18.2,588,899
Nov 4 23:08:33 to 23:19:43 CLST,0:11:10,37.2,670,233
Nov 4 23:23:36 to 23:34:37 CLST,0:11:01,81.1,661,2506
Nov 5 00:16:23 to 00:25:58 CLST,0:09:35,17.1,575,410
Nov 5 00:32:48 to 00:50:28 CLST,0:17:40,28.0,1060,297
Nov 5 00:55:25 to 01:10:10 CLST,0:14:45,56.4,885,182
Nov 5 01:13:12 to 02:02:53 CLST,0:49:41,82.2,2981,168
Nov 5 02:05:41 to 02:15:10 CLST,0:09:29,15.3,569,7428
Nov 5 04:18:58 to 04:28:34 CLST,0:09:36,17.2,576,57
Nov 5 04:29:31 to 04:39:16 CLST,0:09:45,20.4,585,1889
Nov 5 05:10:45 to 05:21:25 CLST,0:10:40,65.4,640,98
Nov 5 05:23:03 to 05:33:34 CLST,0:10:31,43.5,631,164
Nov 5 05:36:18 to 05:46:26 CLST,0:10:08,30.1,608,286
Nov 5 05:51:12 to 06:00:45 CLST,0:09:33,17.6,573,2029
Nov 5 06:34:34 to 06:43:45 CLST,0:09:11,15.1,551,275
Nov 5 06:48:20 to 07:18:55 CLST,0:30:35,42.5,1835,568
Nov 5 07:28:23 to 07:38:58 CLST,0:10:35,80.5,635,1122
Nov 5 07:57:40 to 08:16:04 CLST,0:18:24,25.8,1104,5781
Nov 5 09:52:25 to 10:02:07 CLST,0:09:42,16.5,582,2400
Nov 5 10:42:07 to 10:52:57 CLST,0:10:50,68.5,650,1253
Nov 5 11:13:50 to 11:35:05 CLST,0:21:15,44.1,1275,382
Nov 5 11:41:27 to 12:27:39 CLST,0:46:12,39.4,2772,266
Nov 5 12:32:05 to 12:50:18 CLST,0:18:13,84.2,1093,345
Nov 5 12:56:03 to 13:09:48 CLST,0:13:45,33.5,825,241
Nov 5 13:13:49 to 13:31:58 CLST,0:18:09,20.3,1089,7431
Nov 5 15:35:49 to 15:45:15 CLST,0:09:26,16.9,566,141
Nov 5 15:47:36 to 15:57:30 CLST,0:09:54,23.0,594,116
Nov 5 15:59:26 to 16:09:32 CLST,0:10:06,30.1,606,333
Nov 5 16:15:05 to 16:34:20 CLST,0:19:15,74.3,1155,2016
Nov 5 17:07:56 to 17:17:32 CLST,0:09:36,17.6,576,7335
Nov 5 19:19:47 to 19:37:51 CLST,0:18:04,22.3,1084,182
Nov 5 19:40:53 to 20:12:04 CLST,0:31:11,71.1,1871,625
Nov 5 20:22:29 to 20:32:49 CLST,0:10:20,46.0,620,1148
Nov 5 20:51:57 to 21:01:15 CLST,0:09:18,16.6,558,6234
Nov 5 22:45:09 to 23:01:57 CLST,0:16:48,30.0,1008,2255
Nov 5 23:39:32 to 23:50:16 CLST,0:10:44,57.7,644,1690
Nov 6 00:18:26 to 00:35:07 CLST,0:16:41,20.9,1001,264
Nov 6 00:39:31 to 01:23:02 CLST,0:43:31,80.4,2611,441
Nov 6 01:30:23 to 01:48:25 CLST,0:18:02,45.9,1082,420
Nov 6 01:55:25 to 02:07:46 CLST,0:12:21,18.7,741,8549
Nov 6 04:30:15 to 04:40:26 CLST,0:10:11,26.2,611,96
Nov 6 04:42:02 to 04:52:29 CLST,0:10:27,36.9,627,7
Nov 6 04:52:36 to 05:03:05 CLST,0:10:29,48.1,629,415
Nov 6 05:10:00 to 05:27:17 CLST,0:17:17,73.5,1037,4745
Nov 6 06:46:22 to 06:56:03 CLST,0:09:41,20.6,581,1137
Nov 6 07:15:00 to 07:33:53 CLST,0:18:53,80.0,1133,25
Nov 6 07:34:18 to 07:45:43 CLST,0:11:25,84.3,685,76
Nov 6 07:46:59 to 08:06:42 CLST,0:19:43,36.9,1183,7174
Nov 6 10:06:16 to 10:16:07 CLST,0:09:51,19.6,591,2030
Nov 6 10:49:57 to 11:02:58 CLST,0:13:01,76.3,781,2158
Nov 6 11:38:56 to 11:48:32 CLST,0:09:36,16.0,576,547
Nov 6 11:57:39 to 12:15:19 CLST,0:17:40,31.9,1060,441
Nov 6 12:22:40 to 12:35:26 CLST,0:12:46,69.7,766,237
Nov 6 12:39:23 to 13:19:44 CLST,0:40:21,67.3,2421,8119
Nov 6 15:35:03 to 15:49:18 CLST,0:14:15,15.4,855,2234
Nov 6 16:26:32 to 16:37:10 CLST,0:10:38,77.6,638,67
Nov 6 16:38:17 to 16:58:00 CLST,0:19:43,51.9,1183,538
Nov 6 17:06:58 to 17:21:25 CLST,0:14:27,19.3,867,6971
Nov 6 19:17:36 to 19:26:55 CLST,0:09:19,15.7,559,778
Nov 6 19:39:53 to 19:50:02 CLST,0:10:09,31.6,609,1138
Nov 6 20:09:00 to 20:38:20 CLST,0:29:20,74.7,1760,168
Nov 6 20:41:08 to 20:59:14 CLST,0:18:06,22.9,1086,7432
Nov 6 23:03:06 to 23:13:37 CLST,0:10:31,34.3,631,2284
Nov 6 23:51:41 to Nov 7 00:05:31 CLST,0:13:50,43.2,830,949
Nov 7 00:21:20 to 00:45:18 CLST,0:23:58,23.4,1438,608
Nov 7 00:55:26 to 01:13:43 CLST,0:18:17,63.7,1097,483
Nov 7 01:21:46 to 01:33:51 CLST,0:12:05,59.1,725,262
Nov 7 01:38:13 to 02:14:08 CLST,0:35:55,33.1,2155,8110
Nov 7 04:29:18 to 04:42:15 CLST,0:12:57,23.7,777,2355
Nov 7 05:21:30 to 05:32:01 CLST,0:10:31,43.7,631,65
Nov 7 05:33:06 to 05:51:03 CLST,0:17:57,30.9,1077,3012
Nov 7 06:41:15 to 06:50:45 CLST,0:09:30,18.2,570,14
Nov 7 06:50:59 to 07:00:41 CLST,0:09:42,22.0,582,221
Nov 7 07:04:22 to 07:23:41 CLST,0:19:19,55.5,1159,690
Nov 7 07:35:11 to 07:45:44 CLST,0:10:33,63.5,633,1155
Nov 7 08:04:59 to 08:22:54 CLST,0:17:55,20.6,1075,6998
Nov 7 10:19:32 to 10:37:14 CLST,0:17:42,38.5,1062,1464
Nov 7 11:01:38 to 11:12:25 CLST,0:10:47,55.8,647,2246
Nov 7 11:49:51 to 12:00:28 CLST,0:10:37,21.9,637,306
Nov 7 12:05:34 to 12:45:14 CLST,0:39:40,86.5,2380,584
Nov 7 12:54:58 to 13:12:58 CLST,0:18:00,39.5,1080,625
Nov 7 13:23:23 to 13:32:58 CLST,0:09:35,15.7,575,7986
Nov 7 15:46:04 to 15:55:58 CLST,0:09:54,22.9,594,74
Nov 7 15:57:12 to 16:14:06 CLST,0:16:54,34.4,1014,678
Nov 7 16:25:24 to 16:37:03 CLST,0:11:39,84.7,699,10175
Nov 7 19:26:38 to 19:53:27 CLST,0:26:49,32.9,1609,282
Nov 7 19:58:09 to 20:18:04 CLST,0:19:55,81.3,1195,663
Nov 7 20:29:07 to 20:39:19 CLST,0:10:12,36.2,612,9574
Nov 7 23:18:53 to 23:29:53 CLST,0:11:00,82.8,660,26
Nov 7 23:30:19 to 23:41:46 CLST,0:11:27,80.8,687,1038
Nov 7 23:59:04 to Nov 8 00:09:22 CLST,0:10:18,28.9,618,1125
Nov 8 00:28:07 to 00:38:06 CLST,0:09:59,19.0,599,614
Nov 8 00:48:20 to 00:59:14 CLST,0:10:54,41.4,654,284
Nov 8 01:03:58 to 01:43:25 CLST,0:39:27,75.8,2367,589
Nov 8 01:53:14 to 02:10:32 CLST,0:17:18,22.1,1038,8999
Nov 8 04:40:31 to 04:50:58 CLST,0:10:27,36.8,627,37
Nov 8 04:51:35 to 05:07:26 CLST,0:15:51,55.9,951,712
Nov 8 05:19:18 to 05:30:47 CLST,0:11:29,60.1,689,4913
Nov 8 06:52:40 to 07:02:34 CLST,0:09:54,24.7,594,1059
Nov 8 07:20:13 to 07:47:59 CLST,0:27:46,78.1,1666,348
Nov 8 07:53:47 to 08:13:45 CLST,0:19:58,29.3,1198,6558
Nov 8 10:03:03 to 10:12:56 CLST,0:09:53,16.5,593,730
Nov 8 10:25:06 to 10:35:37 CLST,0:10:31,35.7,631,2657
Nov 8 11:19:54 to 11:30:16 CLST,0:10:22,23.8,622,345
Nov 8 11:36:01 to 11:46:29 CLST,0:10:28,21.9,628,14
Nov 8 11:46:43 to 12:10:08 CLST,0:23:25,26.7,1405,578
Nov 8 12:19:46 to 12:38:01 CLST,0:18:15,71.4,1095,591
Nov 8 12:47:52 to 12:59:27 CLST,0:11:35,49.9,695,284
Nov 8 13:04:11 to 13:17:52 CLST,0:13:41,27.5,821,88
Nov 8 13:19:20 to 13:30:19 CLST,0:10:59,19.6,659,7927
Nov 8 15:42:26 to 15:54:32 CLST,0:12:06,20.5,726,2534
Nov 8 16:36:46 to 16:47:19 CLST,0:10:33,52.1,633,30
Nov 8 16:47:49 to 17:02:06 CLST,0:14:17,36.6,857,727
Nov 8 17:14:13 to 17:23:39 CLST,0:09:26,17.4,566,7031
Nov 8 19:20:50 to 19:35:39 CLST,0:14:49,20.3,889,625
Nov 8 19:46:04 to 19:56:22 CLST,0:10:18,39.0,618,714
Nov 8 20:08:16 to 20:40:23 CLST,0:32:07,70.0,1927,440
Nov 8 20:47:43 to 21:02:27 CLST,0:14:44,18.9,884,6237
Nov 8 22:46:24 to 22:56:48 CLST,0:10:24,25.2,624,581
Nov 8 23:06:29 to 23:17:36 CLST,0:11:07,34.6,667,271
Nov 8 23:22:07 to 23:32:54 CLST,0:10:47,69.2,647,3431
Nov 9 00:30:05 to 00:42:45 CLST,0:12:40,21.1,760,12
Nov 9 00:42:57 to 01:08:34 CLST,0:25:37,52.1,1537,549
Nov 9 01:17:43 to 01:36:05 CLST,0:18:22,73.1,1102,611
Nov 9 01:46:16 to 01:58:02 CLST,0:11:46,26.6,706,296
Nov 9 02:02:58 to 02:14:55 CLST,0:11:57,15.9,717,8374
Nov 9 04:34:29 to 04:49:24 CLST,0:14:55,32.2,895,2532
Nov 9 05:31:36 to 05:41:51 CLST,0:10:15,31.2,615,36
Nov 9 05:42:27 to 05:54:54 CLST,0:12:27,23.4,747,2680
Nov 9 06:39:34 to 07:02:36 CLST,0:23:02,22.9,1382,482
Nov 9 07:10:38 to 07:32:01 CLST,0:21:23,76.4,1283,557
Nov 9 07:41:18 to 07:51:45 CLST,0:10:27,49.9,627,402
Nov 9 07:58:27 to 08:08:14 CLST,0:09:47,32.6,587,201
Nov 9 08:11:35 to 08:21:02 CLST,0:09:27,16.9,567,8741
Nov 9 10:46:43 to 10:57:45 CLST,0:11:02,75.8,662,830
Nov 9 11:11:35 to 11:31:15 CLST,0:19:40,48.1,1180,839
Nov 9 11:45:14 to 12:02:27 CLST,0:17:13,21.2,1033,636
Nov 9 12:13:03 to 12:25:51 CLST,0:12:48,51.1,768,225
Nov 9 12:29:36 to 13:07:55 CLST,0:38:19,89.1,2299,581
Nov 9 13:17:36 to 13:27:31 CLST,0:09:55,19.2,595,8892
Nov 9 15:55:43 to 16:05:56 CLST,0:10:13,30.9,613,13
Nov 9 16:06:09 to 16:17:54 CLST,0:11:45,41.8,705,633
Nov 9 16:28:27 to 16:45:43 CLST,0:17:16,81.9,1036,10023
Nov 9 19:32:46 to 19:55:09 CLST,0:22:23,34.4,1343,547
Nov 9 20:04:16 to 20:26:10 CLST,0:21:54,88.8,1314,533
Nov 9 20:35:03 to 20:45:06 CLST,0:10:03,30.0,603,79
Nov 9 20:46:25 to 20:55:53 CLST,0:09:28,24.7,568,6417
Nov 9 22:42:50 to 22:55:27 CLST,0:12:37,19.0,757,3047
Nov 9 23:46:14 to 23:56:54 CLST,0:10:40,35.9,640,1146
Nov 10 00:16:00 to 00:33:09 CLST,0:17:09,22.6,1029,562
Nov 10 00:42:31 to 01:00:42 CLST,0:18:11,38.8,1091,622
Nov 10 01:11:04 to 01:24:50 CLST,0:13:46,81.5,826,200
Nov 10 01:28:10 to 02:05:55 CLST,0:37:45,49.1,2265,9852
Nov 10 04:50:07 to 05:11:06 CLST,0:20:59,73.1,1259,591
Nov 10 05:20:57 to 05:40:11 CLST,0:19:14,57.7,1154,3590
Nov 10 06:40:01 to 06:49:24 CLST,0:09:23,17.0,563,532
Nov 10 06:58:16 to 07:14:31 CLST,0:16:15,29.2,975,797
Nov 10 07:27:48 to 07:49:27 CLST,0:21:39,82.8,1299,624
Nov 10 07:59:51 to 08:21:34 CLST,0:21:43,24.4,1303,6753
Nov 10 10:14:07 to 10:24:43 CLST,0:10:36,31.9,636,1138
Nov 10 10:43:41 to 10:58:43 CLST,0:15:02,72.3,902,2598
Nov 10 11:42:01 to 11:51:40 CLST,0:09:39,17.0,579,240
Nov 10 11:55:40 to 12:08:19 CLST,0:12:39,24.2,759,59
Nov 10 12:09:18 to 12:33:31 CLST,0:24:13,61.7,1453,486
Nov 10 12:41:37 to 12:59:58 CLST,0:18:21,66.8,1101,658
Nov 10 13:10:56 to 13:24:28 CLST,0:13:32,23.0,812,8364
Nov 10 15:43:52 to 15:53:06 CLST,0:09:14,16.4,554,52
Nov 10 15:53:58 to 16:04:02 CLST,0:10:04,27.0,604,2539
Nov 10 16:46:21 to 17:06:48 CLST,0:20:27,36.9,1227,533
Nov 10 17:15:41 to 17:25:03 CLST,0:09:22,16.9,562,6982
Nov 10 19:21:25 to 19:43:38 CLST,0:22:13,25.9,1333,475
Nov 10 19:51:33 to 20:02:17 CLST,0:10:44,47.9,644,1151
Nov 10 20:21:28 to 20:41:38 CLST,0:20:10,47.1,1210,716
Nov 10 20:53:34 to 21:04:07 CLST,0:10:33,16.6,633,7745
Nov 10 23:13:12 to 23:24:10 CLST,0:10:58,66.2,658,996
Nov 10 23:40:46 to 23:51:29 CLST,0:10:43,55.7,643,8
Nov 10 23:51:37 to Nov 11 00:02:54 CLST,0:11:17,47.8,677,1998
Nov 11 00:36:12 to 00:50:47 CLST,0:14:35,30.8,875,124
Nov 11 00:52:51 to 01:04:34 CLST,0:11:43,46.1,703,163
Nov 11 01:07:17 to 01:31:58 CLST,0:24:41,81.2,1481,458
Nov 11 01:39:36 to 01:57:35 CLST,0:17:59,33.8,1079,8486
Nov 11 04:19:01 to 04:28:29 CLST,0:09:28,16.2,568,433
Nov 11 04:35:42 to 04:45:34 CLST,0:09:52,23.5,592,157
Nov 11 04:48:11 to 04:58:43 CLST,0:10:32,44.3,632,2537
Nov 11 05:41:00 to 06:00:40 CLST,0:19:40,23.4,1180,2665
Nov 11 06:45:05 to 07:03:41 CLST,0:18:36,25.2,1116,750
Nov 11 07:16:11 to 07:39:39 CLST,0:23:28,79.6,1408,147
Nov 11 07:42:06 to 07:57:03 CLST,0:14:57,66.5,897,7811
Nov 11 10:07:14 to 10:17:04 CLST,0:09:50,19.8,590,393
Nov 11 10:23:37 to 10:34:24 CLST,0:10:47,30.4,647,2371
Nov 11 11:13:55 to 11:24:29 CLST,0:10:34,28.8,634,925
Nov 11 11:39:54 to 11:58:31 CLST,0:18:37,19.1,1117,467
Nov 11 12:06:18 to 12:24:25 CLST,0:18:07,42.7,1087,654
Nov 11 12:35:19 to 13:04:11 CLST,0:28:52,82.8,1732,175
Nov 11 13:07:06 to 13:31:06 CLST,0:24:00,25.7,1440,9218
Nov 11 16:04:44 to 16:24:57 CLST,0:20:13,56.6,1213,271
Nov 11 16:29:28 to 16:39:54 CLST,0:10:26,82.4,626,260
Nov 11 16:44:14 to 16:54:42 CLST,0:10:28,43.3,628,9808
Nov 11 19:38:10 to 19:56:01 CLST,0:17:51,39.8,1071,793
Nov 11 20:09:14 to 20:39:33 CLST,0:30:19,84.9,1819,42
Nov 11 20:40:15 to 20:50:08 CLST,0:09:53,25.5,593,6621
Nov 11 22:40:29 to 22:50:37 CLST,0:10:08,20.7,608,787
Nov 11 23:03:44 to 23:14:14 CLST,0:10:30,34.4,630,789
Nov 11 23:27:23 to 23:38:50 CLST,0:11:27,72.1,687,2076
Nov 12 00:13:26 to 00:23:01 CLST,0:09:35,15.9,575,571
Nov 12 00:32:32 to 00:57:08 CLST,0:24:36,34.6,1476,402
Nov 12 01:03:50 to 01:22:24 CLST,0:18:34,83.8,1114,660
Nov 12 01:33:24 to 02:02:11 CLST,0:28:47,40.8,1727,194
Nov 12 02:05:25 to 02:14:53 CLST,0:09:28,15.2,568,9849
Nov 12 04:59:02 to 05:19:15 CLST,0:20:13,80.3,1213,148
Nov 12 05:21:43 to 05:32:08 CLST,0:10:25,57.6,625,398
Nov 12 05:38:46 to 05:48:52 CLST,0:10:06,26.8,606,3072
Nov 12 06:40:04 to 06:56:49 CLST,0:16:45,20.9,1005,382
Nov 12 07:03:11 to 07:13:21 CLST,0:10:10,33.9,610,1185
Nov 12 07:33:06 to 07:51:00 CLST,0:17:54,67.5,1074,766
Nov 12 08:03:46 to 08:28:43 CLST,0:24:57,23.4,1497,5483
Nov 12 10:00:06 to 10:09:47 CLST,0:09:41,15.0,581,1846
Nov 12 10:40:33 to 10:51:34 CLST,0:11:01,82.7,661,624
Nov 12 11:01:58 to 11:12:43 CLST,0:10:45,55.8,645,1208
Nov 12 11:32:51 to 11:43:27 CLST,0:10:36,24.2,636,1015
Nov 12 12:00:22 to 12:29:35 CLST,0:29:13,53.8,1753,124
Nov 12 12:31:39 to 12:56:48 CLST,0:25:09,84.9,1509,383
Nov 12 13:03:11 to 13:21:10 CLST,0:17:59,30.4,1079,8597
Nov 12 15:44:27 to 15:53:40 CLST,0:09:13,16.4,553,531
Nov 12 16:02:31 to 16:12:49 CLST,0:10:18,35.5,618,2547
Nov 12 16:55:16 to 17:14:39 CLST,0:19:23,29.4,1163,95
Nov 12 17:16:14 to 17:25:35 CLST,0:09:21,16.9,561,7121
Nov 12 19:24:16 to 19:50:53 CLST,0:26:37,32.6,1597,326
Nov 12 19:56:19 to 20:06:44 CLST,0:10:25,56.4,625,1190
Nov 12 20:26:34 to 20:44:03 CLST,0:17:29,39.3,1049,731
Nov 12 20:56:14 to 21:05:24 CLST,0:09:10,16.1,550,0
